st_postaje,tip_postaje,ime_postaje,nadm_vis,lat,lon,datum_zacetka,datum_konca
3,podnebna,KRVAVEC,1478,46.30,14.52,1959-07-24,1973-08-15
3,podnebna,KRVAVEC,1742,46.30,14.54,1973-08-15,
3,samodejna,KRVAVEC,1742,46.30,14.54,1997-07-08,1999-08-06
3,samodejna,KRVAVEC,1742,46.30,14.54,1999-08-06,
3,registrator,KRVAVEC,1742,46.30,14.54,2012-12-17,2014-05-22
3,registrator,KRVAVEC,1742,46.30,14.54,2016-01-08,2016-02-21
3,registrator,KRVAVEC,1742,46.30,14.54,2017-09-07,
6,podnebna,VOLČJI POTOK,336,46.18,14.61,1973-11-13,1989-06-22
6,podnebna,VOLČJI POTOK,342,46.19,14.61,1954-12-03,1973-11-13
6,registrator,VOLČJI POTOK,342,46.19,14.61,2005-11-11,
8,podnebna,BRNIK - LETALIŠČE,363,46.22,14.48,1966-05-31,1978-11-16
8,podnebna,BRNIK - LETALIŠČE,371,46.22,14.47,1963-01-21,1963-12-11
8,podnebna,BRNIK - LETALIŠČE,380,46.23,14.46,1963-12-11,1966-05-31
8,podnebna,BRNIK - LETALIŠČE,384,46.23,14.46,1978-11-16,1994-05-25
8,podnebna,LETALIŠČE JOŽETA PUČNIKA LJUBLJANA,362,46.21,14.48,2017-08-25,
8,podnebna,LETALIŠČE JOŽETA PUČNIKA LJUBLJANA,364,46.22,14.48,1994-05-25,2017-08-25
8,samodejna,LETALIŠČE JOŽETA PUČNIKA LJUBLJANA,362,46.21,14.48,2017-07-25,
8,samodejna,LETALIŠČE JOŽETA PUČNIKA LJUBLJANA,364,46.22,14.48,1993-12-21,2017-08-25
8,registrator,BRNIK - LETALIŠČE,384,46.23,14.46,2017-06-21,2019-07-25
8,registrator,LETALIŠČE JOŽETA PUČNIKA LJUBLJANA,364,46.22,14.48,2008-06-30,2008-08-12
14,podnebna,ZGORNJE BITNJE,378,46.22,14.34,1959-01-01,1971-07-01
17,podnebna,JAVORJE NAD POLJANAMI,690,46.16,14.18,1975-05-06,1991-01-01
17,podnebna,JAVORJE NAD POLJANAMI,700,46.17,14.18,1924-12-01,1975-05-06
20,podnebna,ŽIRI,480,46.05,14.12,1945-11-01,1971-01-01
20,samodejna,ŽIRI,498,46.05,14.12,2015-04-01,
21,samodejna,DAVČA,1001,46.20,14.07,2015-05-18,
22,samodejna,ZGORNJA SORICA,846,46.22,14.03,2014-01-13,
26,podnebna,PREDDVOR,485,46.30,14.42,1991-07-01,2011-12-01
26,registrator,PREDDVOR,485,46.30,14.42,2009-01-28,2011-12-13
27,podnebna,ZGORNJE JEZERSKO,889,46.40,14.50,1977-06-16,1981-08-01
27,podnebna,ZGORNJE JEZERSKO,889,46.40,14.50,1953-01-01,1977-06-16
27,podnebna,ZGORNJE JEZERSKO,889,46.40,14.50,1981-08-01,1984-05-01
30,samodejna,JELENDOL,760,46.40,14.35,2016-05-06,
31,podnebna,GOLNIK,500,46.33,14.34,1925-01-01,1978-05-10
34,podnebna,RADOVLJICA,495,46.35,14.18,1954-10-20,1979-01-01
37,podnebna,HRUŠICA PRI JESENICAH,600,46.45,14.01,1976-07-01,1978-08-01
38,podnebna,PLANINA POD GOLICO,950,46.47,14.05,1960-06-14,1976-11-24
38,podnebna,PLANINA POD GOLICO,957,46.47,14.06,1976-11-24,2015-03-01
38,samodejna,PLANINA POD GOLICO,957,46.47,14.06,2014-01-13,
38,registrator,PLANINA POD GOLICO,957,46.47,14.06,2008-04-28,2015-05-02
38,registrator,PLANINA POD GOLICO,957,46.47,14.06,2015-03-01,2018-07-01
39,podnebna,RADOVNA - ELEKTRARNA,630,46.39,14.04,1975-05-01,1987-01-01
39,podnebna,RADOVNA - ELEKTRARNA,645,46.38,14.03,1919-01-01,1975-05-01
40,samodejna,ZGORNJA RADOVNA,777,46.42,13.94,2015-10-01,
45,podnebna,STARA FUŽINA,548,46.29,13.90,1952-01-01,1970-01-01
45,podnebna,STARA FUŽINA,548,46.29,13.90,1970-01-01,2002-06-01
45,registrator,STARA FUŽINA,548,46.29,13.90,2002-06-03,2002-09-14
45,registrator,STARA FUŽINA,548,46.29,13.90,2003-02-06,2004-03-01
47,podnebna,DOM NA KOMNI,1522,46.28,13.78,1937-04-21,1983-04-01
48,podnebna,KREDARICA,2513,46.38,13.85,1955-01-01,
48,samodejna,KREDARICA,2513,46.38,13.85,1994-09-12,
48,registrator,KREDARICA,2513,46.38,13.85,2015-08-01,2015-10-01
48,registrator,KREDARICA,2513,46.38,13.85,2017-07-11,2017-09-01
51,podnebna,RATEČE,864,46.50,13.72,1949-01-01,2017-07-01
51,samodejna,RATEČE,864,46.50,13.72,1999-12-27,
51,registrator,RATEČE,864,46.50,13.72,2009-10-31,2009-12-04
51,registrator,RATEČE,864,46.50,13.72,2018-02-14,
52,samodejna,PREDEL,1155,46.42,13.58,2016-08-30,
58,podnebna,BOVEC,425,46.33,13.55,1962-06-26,1978-10-01
58,podnebna,BOVEC,425,46.33,13.55,1978-10-01,1982-01-01
58,podnebna,BOVEC,426,46.33,13.55,1982-01-01,1989-01-01
58,podnebna,BOVEC,452,46.34,13.57,1990-03-01,1993-12-01
58,podnebna,BOVEC,483,46.33,13.55,1952-01-01,1962-06-26
61,samodejna,BREGINJ,546,46.26,13.43,2015-11-11,
65,podnebna,KRN,910,46.23,13.67,1971-10-01,1993-10-01
65,samodejna,KRN,918,46.24,13.66,2015-10-01,
65,registrator,KRN,916,46.24,13.66,2001-03-01,2017-03-24
66,podnebna,TOLMIN,180,46.18,13.74,1952-07-19,1991-01-01
68,samodejna,KNEŠKE RAVNE,739,46.22,13.83,2015-01-06,
73,podnebna,NOVAKI,680,46.15,14.05,1961-04-21,1978-06-01
75,samodejna,ŠEBRELJSKI VRH,1066,46.06,13.92,2015-01-27,
75,registrator,ŠEBRELJSKI VRH,1066,46.06,13.92,2018-05-08,2018-06-01
76,podnebna,VOJSKO,1065,46.03,13.91,1993-11-17,
76,podnebna,VOJSKO,1070,46.03,13.91,1957-07-12,1993-11-17
76,registrator,VOJSKO,1065,46.03,13.91,2008-04-30,2017-08-13
76,registrator,VOJSKO,1065,46.03,13.91,2017-06-16,
85,podnebna,ČEPOVAN,593,46.05,13.79,1979-05-31,1992-01-01
85,podnebna,ČEPOVAN,596,46.05,13.80,1957-01-01,1979-05-31
92,podnebna,VEDRIJAN,241,46.01,13.55,1976-01-28,1991-01-01
92,podnebna,VEDRIJAN,258,46.02,13.55,1960-01-01,1963-01-01
92,podnebna,VEDRIJAN,258,46.02,13.55,1963-01-01,1976-01-28
92,samodejna,VEDRIJAN,232,46.01,13.55,2015-07-22,
92,registrator,VEDRIJAN,241,46.01,13.55,2001-04-10,2015-12-01
93,podnebna,VIPOLŽE,98,45.97,13.53,1965-07-01,1967-05-01
93,podnebna,VIPOLŽE,98,45.97,13.53,1967-05-01,1987-07-01
93,podnebna,VIPOLŽE,100,45.97,13.53,1948-06-01,1965-07-01
94,podnebna,NEBLO - ŠLOVRENC,80,46.01,13.52,1956-01-01,1966-01-01
95,podnebna,SOLKAN,100,45.97,13.65,1949-09-01,1974-06-01
96,podnebna,NOVA GORICA,112,45.96,13.66,1991-04-01,2001-01-01
96,podnebna,NOVA GORICA,112,45.96,13.66,1970-03-31,1991-04-01
96,registrator,NOVA GORICA,112,45.96,13.66,2000-11-08,2001-02-14
97,podnebna,BILJE,51,45.89,13.64,1962-04-01,1982-12-22
97,podnebna,BILJE,51,45.90,13.65,1982-12-22,1991-04-01
97,podnebna,BILJE,55,45.90,13.63,1991-04-01,2017-04-06
97,samodejna,BILJE,55,45.90,13.63,1991-11-27,
97,registrator,BILJE,55,45.90,13.63,2018-01-10,
100,podnebna,AJDOVŠČINA,111,45.89,13.90,1961-01-01,1979-05-01
102,podnebna,SLAP,136,45.84,13.94,1968-08-07,2007-01-01
102,podnebna,SLAP - LOŽE PRI VIPAVI,137,45.83,13.93,1948-04-01,1968-08-07
102,registrator,SLAP,136,45.84,13.94,2007-01-01,
103,podnebna,BRANIK,78,45.86,13.79,1960-12-08,1987-07-01
105,podnebna,NOVELO PRI TEMNICI,353,45.85,13.67,1972-03-01,1991-12-01
105,podnebna,NOVELO PRI TEMNICI,402,45.85,13.68,1953-06-01,1972-03-01
106,podnebna,KOMEN NA KRASU,289,45.82,13.75,1955-01-01,1989-06-01
107,podnebna,GODNJE,295,45.75,13.85,1956-01-24,1992-04-08
107,podnebna,GODNJE,320,45.76,13.85,1992-04-08,2017-01-01
107,samodejna,GODNJE,320,45.75,13.85,2016-02-15,
107,registrator,GODNJE,320,45.76,13.85,2000-10-01,2008-06-12
107,registrator,GODNJE,320,45.76,13.85,2009-01-31,2015-05-02
107,registrator,GODNJE,320,45.76,13.85,2015-03-01,2016-02-15
108,podnebna,ŠEPULJE NA KRASU,320,45.75,13.88,1977-08-01,1980-06-19
108,podnebna,ŠMARJE PRI SEŽANI,311,45.72,13.87,1954-05-01,1977-08-01
112,podnebna,KORTINE PRI ČRNEM KALU,120,45.54,13.87,1955-02-01,1966-01-01
113,podnebna,ŠKOCJAN - BERTOKI,40,45.55,13.80,1970-06-01,1987-07-01
114,podnebna,VALDOLTRA,10,45.58,13.73,1957-01-01,1966-04-12
115,podnebna,DEBELI RTIČ,20,45.59,13.72,1970-11-04,1978-03-11
117,podnebna,PORTOROŽ - BELI KRIŽ,92,45.52,13.58,1974-05-01,1992-06-01
119,podnebna,DRAGONJA,40,45.47,13.65,1959-08-01,1987-10-16
120,podnebna,KOŠTABONA,250,45.48,13.74,1992-09-01,1995-04-01
120,podnebna,KOŠTABONA,250,45.48,13.73,1962-05-01,1962-08-01
120,podnebna,KOŠTABONA,250,45.48,13.73,1963-06-01,1963-11-01
120,registrator,KOŠTABONA,247,45.48,13.74,2003-07-30,
121,podnebna,KUBED,232,45.52,13.87,1949-09-01,1991-02-01
121,samodejna,KUBED,234,45.52,13.87,2016-10-25,
129,podnebna,ILIRSKA BISTRICA,414,45.57,14.25,1957-01-01,1969-06-18
129,podnebna,ILIRSKA BISTRICA,424,45.57,14.25,1973-03-10,2000-10-12
129,podnebna,ILIRSKA BISTRICA,425,45.57,14.25,1969-06-18,1973-03-10
129,registrator,ILIRSKA BISTRICA,424,45.57,14.24,2000-10-19,2005-02-04
132,podnebna,MAŠUN,1017,45.63,14.37,1971-10-01,1975-01-08
132,podnebna,MAŠUN,1027,45.63,14.37,1975-01-08,1986-11-01
133,samodejna,JURŠČE,700,45.67,14.30,2016-05-09,
136,podnebna,POSTOJNA,533,45.77,14.20,1961-03-25,
136,samodejna,POSTOJNA,533,45.77,14.20,1994-02-17,2020-07-01
136,samodejna,POSTOJNA,538,45.77,14.20,2016-01-11,
136,registrator,POSTOJNA,533,45.77,14.20,2017-06-19,
138,podnebna,PLANINA PRI RAKEKU,462,45.83,14.26,1951-05-25,1988-12-01
142,podnebna,PLEŠA NA NANOSU,1247,45.77,14.06,1959-09-01,1965-10-01
142,podnebna,PLEŠA NA NANOSU,1247,45.77,14.06,1966-05-01,1982-01-01
142,samodejna,NANOS,1241,45.77,14.06,2016-05-09,
143,podnebna,NANOS - RAVNIK,896,45.82,14.02,1966-05-01,2001-07-10
143,podnebna,NANOS - RAVNIK,896,45.82,14.02,2001-08-23,2002-01-01
143,registrator,NANOS - RAVNIK,896,45.82,14.02,2001-08-23,
147,samodejna,LOGATEC,485,45.91,14.21,2014-01-13,
147,registrator,LOGATEC,485,45.91,14.21,2001-03-28,2014-10-18
150,podnebna,RAKITNA,787,45.88,14.43,1951-01-01,1986-11-01
150,podnebna,RAKITNA,810,45.89,14.45,1990-02-20,1991-04-01
152,samodejna,KOROŠČE,829,45.85,14.45,2016-02-01,
158,podnebna,NOVA VAS NA BLOKAH,720,45.77,14.51,1956-06-01,
158,samodejna,NOVA VAS - BLOKE,718,45.77,14.51,2015-12-16,
158,registrator,NOVA VAS NA BLOKAH,720,45.77,14.51,2017-08-01,
159,podnebna,DOLENJE JEZERO,553,45.78,14.35,1968-07-17,1978-01-01
162,registrator,ŠMARATA,579,45.69,14.47,2001-04-11,
164,podnebna,BABNO POLJE,755,45.65,14.55,1965-10-29,1991-07-17
164,podnebna,BABNO POLJE,755,45.65,14.55,2003-11-01,
164,podnebna,BABNO POLJE,756,45.65,14.55,1949-10-11,1965-10-29
164,samodejna,BABNO POLJE,755,45.65,14.55,2016-01-11,
164,registrator,BABNO POLJE,755,45.65,14.55,2004-10-01,2021-03-25
164,registrator,BABNO POLJE,755,45.65,14.55,2017-06-19,
166,podnebna,POLJANE NA NOTRANJSKEM,1030,45.68,14.55,1968-10-23,1985-01-01
168,podnebna,SODRAŽICA,536,45.76,14.64,1952-10-01,1962-04-01
174,podnebna,KOČEVJE,463,45.64,14.87,1951-06-05,1989-08-09
174,podnebna,KOČEVJE,467,45.64,14.87,1989-09-21,1993-11-11
174,podnebna,KOČEVJE,467,45.65,14.85,1993-11-11,
174,samodejna,KOČEVJE,468,45.65,14.85,2015-09-14,
174,registrator,KOČEVJE,467,45.65,14.85,2017-05-01,
176,samodejna,OSILNICA,330,45.53,14.70,2016-03-14,
179,podnebna,ROVTE,704,45.99,14.18,1961-01-01,1991-01-01
185,samodejna,PASJA RAVAN,1019,46.10,14.23,2015-01-06,
189,podnebna,TOPOL PRI MEDVODAH,662,46.09,14.38,1989-09-01,
189,samodejna,TOPOL,692,46.09,14.38,2015-12-16,
189,registrator,TOPOL PRI MEDVODAH,662,46.09,14.38,2000-12-14,2008-06-05
189,registrator,TOPOL PRI MEDVODAH,662,46.09,14.38,2009-01-31,2012-10-02
189,registrator,TOPOL PRI MEDVODAH,662,46.09,14.38,2014-10-16,
189,registrator,TOPOL PRI MEDVODAH,662,46.09,14.38,2017-03-16,
191,podnebna,ŠMARNA GORA,665,46.13,14.47,1951-01-01,1990-01-01
192,podnebna,LJUBLJANA - BEŽIGRAD,299,46.07,14.52,1948-01-01,
192,samodejna,LJUBLJANA - BEŽIGRAD,299,46.07,14.52,1993-06-17,
192,registrator,LJUBLJANA - BEŽIGRAD,299,46.07,14.52,2016-10-12,
192,registrator,LJUBLJANA - BEŽIGRAD,299,46.07,14.52,2018-08-27,
194,podnebna,LIPE NA BARJU,289,45.99,14.46,1957-01-11,1978-01-01
196,podnebna,PLEŠIVICA,360,46.00,14.40,1963-06-25,1965-08-05
197,podnebna,VRHNIKA,293,45.97,14.30,1896-01-01,1990-11-01
197,samodejna,VRHNIKA,370,45.97,14.28,2015-12-16,
199,registrator,ŽELIMLJE,309,45.92,14.58,2001-04-01,2018-04-24
202,podnebna,ŠMARJE SAP,342,45.97,14.62,1960-05-01,1983-02-01
203,podnebna,LIPOGLAV,524,45.99,14.65,1961-01-01,1996-01-01
205,podnebna,SEVNO,550,45.98,14.93,1961-05-01,2012-01-01
205,samodejna,SEVNO,556,45.98,14.93,2015-01-27,
205,registrator,SEVNO,550,45.98,14.93,2009-01-30,2016-03-25
206,samodejna,LITIJA,266,46.07,14.82,2014-11-10,
206,registrator,LITIJA,272,46.07,14.82,2009-09-02,2016-05-12
206,registrator,LITIJA - GRBIN,272,46.05,14.84,2005-12-01,2009-09-02
210,podnebna,KUM,1215,46.09,15.08,1973-06-01,1992-01-01
210,samodejna,KUM,1211,46.09,15.08,2016-06-15,
211,podnebna,PLESKO PRI HRASTNIKU,410,46.15,15.08,1945-01-01,1979-01-01
214,podnebna,KLENIK PRI VAČAH,495,46.12,14.85,1987-12-07,1989-06-22
214,podnebna,KLENIK PRI VAČAH,550,46.12,14.85,1957-06-15,1987-12-07
219,registrator,ČEMŠENIK,767,46.19,14.94,2001-03-01,
222,podnebna,RADEČE PRI ZIDANEM MOSTU,230,46.07,15.18,1949-01-01,1978-01-01
223,podnebna,PLANINA NAD SEVNICO,575,46.10,15.41,1979-08-30,1992-04-30
223,podnebna,PLANINA NAD SEVNICO - SELA,550,46.10,15.40,1956-07-01,1979-08-30
230,podnebna,SREMIČ,360,45.97,15.50,1971-03-01,1987-07-01
230,podnebna,SREMIČ,400,45.98,15.48,1957-05-18,1971-03-01
231,podnebna,BIZELJSKO,172,46.02,15.70,1979-05-01,1994-11-15
231,podnebna,BIZELJSKO,173,46.02,15.70,1994-11-15,2013-01-01
231,podnebna,BIZELJSKO,175,46.02,15.70,2013-01-01,
231,podnebna,BIZELJSKO - ZGORNJA SUŠICA,174,46.02,15.70,1954-05-04,1979-05-01
231,registrator,BIZELJSKO,175,46.02,15.70,2017-03-15,
232,podnebna,PIŠECE,213,46.00,15.65,1979-04-01,1985-04-09
232,podnebna,PIŠECE,219,45.99,15.65,1957-05-14,1973-07-01
232,podnebna,PIŠECE,250,46.00,15.65,1973-07-01,1978-09-01
234,podnebna,GORNJI LENART,150,45.93,15.58,1951-11-01,1993-02-01
235,podnebna,KOSTANJEVICA,158,45.87,15.47,1954-05-22,1978-10-01
241,podnebna,MALKOVEC,397,45.95,15.21,1985-04-09,
241,podnebna,MALKOVEC,426,45.95,15.21,1956-01-01,1978-01-01
241,samodejna,MALKOVEC,397,45.95,15.21,1994-05-25,2006-03-17
241,samodejna,MALKOVEC,397,45.95,15.21,2006-03-17,
241,registrator,MALKOVEC,397,45.95,15.21,2017-06-15,
245,podnebna,AMBRUS,346,45.83,14.82,1961-01-01,1982-08-18
245,registrator,AMBRUS,377,45.83,14.82,2001-04-01,
249,podnebna,NOVO MESTO,220,45.80,15.18,1972-12-04,2017-07-03
249,podnebna,NOVO MESTO - GOTNA VAS,208,45.80,15.18,1961-03-25,1972-12-04
249,samodejna,NOVO MESTO,220,45.80,15.18,1993-01-18,
249,registrator,NOVO MESTO,220,45.80,15.18,2015-06-21,2015-11-02
249,registrator,NOVO MESTO,220,45.80,15.18,2017-09-04,
251,samodejna,KOČEVSKE POLJANE,188,45.72,15.06,2016-02-15,
252,podnebna,PLANINA POD MIRNO GORO,741,45.62,15.11,1963-05-01,1986-07-01
253,registrator,SEMIČ,241,45.65,15.18,2017-05-01,
253,registrator,SEMIČ,241,45.65,15.18,2000-11-13,2012-10-02
253,registrator,SEMIČ,241,45.65,15.18,2012-10-09,2016-12-01
253,registrator,SEMIČ,241,45.65,15.18,2015-03-01,2016-12-01
257,podnebna,ČRNOMELJ,172,45.58,15.19,1984-12-13,1986-05-01
257,podnebna,ČRNOMELJ,173,45.57,15.20,1945-07-01,1967-09-21
257,podnebna,ČRNOMELJ,179,45.58,15.20,1986-09-01,1988-05-17
257,podnebna,ČRNOMELJ,191,45.58,15.20,1967-09-21,1984-12-13
257,podnebna,ČRNOMELJ - DOBLIČE,157,45.56,15.15,1988-05-17,
257,samodejna,ČRNOMELJ - DOBLIČE,157,45.56,15.15,2002-04-11,
257,registrator,ČRNOMELJ - DOBLIČE,157,45.56,15.15,2000-12-18,2001-04-26
257,registrator,ČRNOMELJ - DOBLIČE,157,45.56,15.15,2017-03-21,
261,podnebna,NOVA SELA PRI KOČEVJU,543,45.51,14.89,1957-08-01,1978-01-01
264,podnebna,ROGAŠKA SLATINA,250,46.24,15.65,1996-06-01,1998-04-01
264,podnebna,ROGAŠKA SLATINA,255,46.23,15.65,1968-06-11,1995-01-01
264,podnebna,ROGAŠKA SLATINA I.,232,46.23,15.63,1954-05-01,1963-10-23
264,podnebna,ROGAŠKA SLATINA I.,235,46.23,15.63,1963-10-23,1968-06-11
267,podnebna,MIKLAVŠKI HRIB NAD CELJEM,385,46.22,15.27,1965-11-19,1990-01-01
268,podnebna,CELJE,244,46.24,15.25,1976-10-26,2008-03-20
268,podnebna,CELJE - LEVEC - LETALIŠČE,244,46.23,15.25,1965-11-11,1976-10-26
268,podnebna,CELJE - LOKROVEC,255,46.27,15.25,1961-02-25,1962-11-01
268,podnebna,CELJE - MEDLOG,241,46.24,15.23,2008-03-20,2017-04-06
268,podnebna,CELJE - MEDLOG,245,46.25,15.23,1962-11-01,1965-11-11
268,samodejna,CELJE - MEDLOG,241,46.24,15.23,2008-02-01,
268,registrator,CELJE,244,46.24,15.25,2004-02-05,2005-02-03
268,registrator,CELJE - MEDLOG,241,46.24,15.23,2018-03-01,
271,podnebna,GOMILSKO,294,46.25,15.05,1971-12-22,1974-04-01
272,samodejna,JERONIM,760,46.27,14.95,2014-07-17,
273,podnebna,GOLTE NAD MOZIRJEM,1415,46.37,14.90,1969-12-09,1977-05-05
274,podnebna,MOZIRJE,340,46.34,14.96,1985-08-15,1994-06-01
274,podnebna,MOZIRJE,347,46.33,14.97,1960-05-13,1985-07-01
275,samodejna,RADEGUNDA,794,46.37,14.94,2015-01-27,
276,podnebna,GORNJI GRAD,428,46.30,14.81,1969-08-01,1978-01-01
276,podnebna,GORNJI GRAD,428,46.30,14.83,1960-07-12,1969-08-01
276,samodejna,GORNJI GRAD,438,46.30,14.81,2015-10-01,
278,samodejna,LUČE,512,46.36,14.75,2015-01-27,
280,samodejna,LOGARSKA DOLINA,776,46.39,14.64,2016-04-08,
280,registrator,LOGARSKA DOLINA,740,46.41,14.64,2001-03-22,2016-09-08
285,samodejna,MEŽICA,469,46.53,14.86,2016-06-15,
285,registrator,MEŽICA,493,46.52,14.86,2001-03-22,2016-10-21
287,podnebna,RAVNE NA KOROŠKEM,440,46.54,14.96,1960-01-01,1991-01-01
287,samodejna,RAVNE NA KOROŠKEM,396,46.55,14.94,2009-04-02,
289,podnebna,URŠLJA GORA,1696,46.49,14.97,1966-07-01,1993-04-01
289,samodejna,URŠLJA GORA,1696,46.49,14.97,2016-07-07,
295,podnebna,TERMOELEKTRARNA ŠOŠTANJ,358,46.40,15.05,1977-01-01,1978-11-01
296,podnebna,VELENJE,406,46.37,15.13,1947-01-01,1964-01-01
296,podnebna,VELENJE,410,46.36,15.12,1964-01-01,2006-04-01
296,samodejna,VELENJE,388,46.36,15.12,2014-07-17,
296,registrator,VELENJE,410,46.36,15.12,2006-04-12,2006-07-04
301,podnebna,SLOVENSKE KONJICE,330,46.34,15.43,1997-12-11,2017-04-01
301,podnebna,SLOVENSKE KONJICE,332,46.33,15.43,1954-05-21,1975-05-13
301,podnebna,SLOVENSKE KONJICE,340,46.35,15.42,1975-05-13,1997-11-01
301,samodejna,SLOVENSKE KONJICE,314,46.34,15.44,2016-06-15,
301,registrator,SLOVENSKE KONJICE,330,46.34,15.43,2008-04-28,2017-04-01
306,podnebna,ŠMARTNO NA POHORJU,765,46.45,15.54,1957-07-01,1978-01-01
307,podnebna,PRAGERSKO,251,46.40,15.69,1953-05-01,1990-01-01
309,podnebna,STARŠE,238,46.47,15.77,1957-06-17,2018-01-01
309,registrator,STARŠE,238,46.47,15.77,2009-01-31,2017-09-01
309,registrator,STARŠE,238,46.47,15.77,2015-03-01,2018-01-01
310,podnebna,MARIBOR - TABOR,275,46.54,15.65,2005-01-01,2020-01-01
310,podnebna,MARIBOR - TABOR,275,46.54,15.65,1962-06-07,2005-01-01
310,podnebna,MARIBOR - TEZNO,275,46.53,15.63,1949-01-09,1962-06-07
310,samodejna,MARIBOR - TABOR,275,46.54,15.65,1989-12-04,2020-01-15
310,registrator,MARIBOR - TABOR,275,46.54,15.65,2013-02-01,2013-08-24
310,registrator,MARIBOR - TABOR,275,46.54,15.65,2016-01-29,2016-02-26
311,podnebna,LETALIŠČE EDVARDA RUSJANA MARIBOR,264,46.48,15.69,1977-01-01,
311,samodejna,LETALIŠČE EDVARDA RUSJANA MARIBOR,264,46.48,15.69,2000-10-17,
311,samodejna,LETALIŠČE EDVARDA RUSJANA MARIBOR,264,46.48,15.69,2018-03-09,
317,registrator,KOZJI VRH,332,46.60,15.27,2001-03-21,
317,registrator,KOZJI VRH,332,46.60,15.27,2013-02-13,2013-03-27
318,podnebna,RADLJE OB DRAVI,365,46.61,15.23,1953-06-01,1990-06-14
321,podnebna,ŠMARTNO PRI SLOV.GRADCU,452,46.48,15.12,1957-04-01,1994-01-01
321,podnebna,ŠMARTNO PRI SLOVENJ GRADCU,444,46.49,15.12,1994-01-01,2017-04-05
321,samodejna,ŠMARTNO PRI SLOVENJ GRADCU,444,46.49,15.12,1994-05-17,
321,registrator,ŠMARTNO PRI SLOVENJ GRADCU,444,46.49,15.12,2015-07-29,
329,podnebna,SVEČINA,302,46.67,15.59,1948-10-01,1987-07-02
331,podnebna,POLIČKI VRH,280,46.64,15.70,2008-04-15,
331,podnebna,POLIČKI VRH,280,46.64,15.70,1966-06-01,2008-04-15
331,podnebna,POLIČKI VRH,320,46.65,15.70,1954-05-20,1966-06-01
331,registrator,POLIČKI VRH,280,46.64,15.70,2014-10-23,
331,registrator,POLIČKI VRH,280,46.64,15.70,2014-10-24,
333,podnebna,ZGORNJA ŠČAVNICA,358,46.64,15.85,1961-05-01,1993-08-01
334,podnebna,GORNJA RADGONA I.,232,46.67,15.99,1967-09-19,2002-01-01
334,podnebna,GORNJA RADGONA I.,237,46.67,15.98,1954-05-01,1967-09-19
336,podnebna,RADENCI,198,46.64,16.05,1962-07-01,2001-01-01
336,samodejna,RADENCI,198,46.64,16.05,2000-11-20,2020-09-23
337,podnebna,KAPELA,309,46.62,16.03,1954-01-01,1987-07-01
338,podnebna,BLAGUŠ - VIDEM OB ŠČAVNICI,203,46.57,16.02,1975-04-16,1992-09-30
338,podnebna,BLAGUŠ - VIDEM OB ŠČAVNICI,203,46.58,16.02,1957-10-23,1975-04-16
339,samodejna,KADRENCI,301,46.57,15.96,2014-05-06,
341,podnebna,SAKUŠAK,321,46.50,15.98,1961-02-01,1972-01-01
342,podnebna,MESTNI VRH PRI PTUJU,260,46.45,15.87,1959-04-29,1989-01-01
344,podnebna,PODLEHNIK,350,46.35,15.85,1961-01-01,1987-07-01
346,podnebna,TURŠKI VRH PRI ZAVRČU,282,46.36,16.06,1960-03-29,2004-01-01
346,registrator,TURŠKI VRH,302,46.36,16.06,2010-03-26,
346,registrator,TURŠKI VRH PRI ZAVRČU,282,46.36,16.06,2000-04-01,2010-03-26
348,podnebna,JERUZALEM,335,46.48,16.19,1948-01-01,2007-05-16
348,podnebna,JERUZALEM,336,46.48,16.19,2007-05-16,2008-06-01
348,samodejna,JERUZALEM,334,46.48,16.19,2016-02-15,
348,registrator,JERUZALEM,336,46.48,16.19,2008-04-30,2016-02-15
349,podnebna,PODGRADJE,272,46.50,16.23,1955-10-25,2001-03-01
349,registrator,PODGRADJE,272,46.50,16.23,2000-08-08,2000-10-18
352,podnebna,LENDAVA,190,46.56,16.48,1962-01-17,
352,podnebna,LENDAVA,207,46.56,16.47,1954-06-18,1962-01-17
352,registrator,LENDAVA,190,46.56,16.48,2009-09-30,2017-12-01
352,registrator,LENDAVA,190,46.56,16.48,2017-07-25,
355,podnebna,MURSKA SOBOTA - RAKIČAN,184,46.63,16.18,1971-07-01,1985-06-19
355,podnebna,MURSKA SOBOTA - RAKIČAN,186,46.65,16.20,1985-06-19,2017-04-05
355,podnebna,MURSKA SOBOTA - RAKIČAN,193,46.67,16.13,1956-01-01,1971-07-01
355,samodejna,MURSKA SOBOTA - RAKIČAN,186,46.65,16.20,1993-07-09,
355,registrator,MURSKA SOBOTA - RAKIČAN,186,46.65,16.20,2018-01-09,
357,podnebna,MAČKOVCI,331,46.78,16.16,1962-05-08,1965-05-01
357,samodejna,MAČKOVCI,274,46.78,16.17,2016-07-07,
359,podnebna,VELIKI DOLENCI,296,46.85,16.29,1950-07-01,1977-08-30
359,podnebna,VELIKI DOLENCI,308,46.84,16.29,1977-08-30,2018-12-01
359,registrator,VELIKI DOLENCI,308,46.84,16.29,2009-01-31,2017-08-01
359,registrator,VELIKI DOLENCI,308,46.84,16.29,2017-08-01,2018-10-01
360,podnebna,KOPER,33,45.54,13.72,1974-05-01,1976-01-01
360,podnebna,KOPER,33,45.54,13.72,1954-07-11,1974-05-01
360,ekološka,KOPER,56,45.54,13.72,2005-07-05,
361,podnebna,GOMANCE,937,45.51,14.44,1951-01-01,1971-10-07
362,podnebna,ROVTARICA,1077,46.29,14.10,1948-01-01,1972-10-11
363,podnebna,ŠENTGOTARD,580,46.18,14.92,1956-01-01,1974-01-01
364,podnebna,MIRNA NA DOLENJSKEM,264,45.95,15.06,1960-06-01,1975-10-01
366,podnebna,ŽEJE,427,46.28,14.30,1960-05-15,1973-04-17
370,podnebna,ŽIKARCE,400,46.53,15.80,1978-05-01,1983-10-01
377,podnebna,SLOVENSKA BISTRICA,310,46.40,15.58,1959-02-01,1975-07-29
380,podnebna,JESENICE - HRUŠICA,600,46.45,14.00,1978-06-01,1980-01-01
400,podnebna,DIVAČA,416,45.69,13.97,1978-06-19,1985-01-01
403,podnebna,LESCE,503,46.36,14.17,2016-03-01,2017-11-25
403,podnebna,LESCE,515,46.37,14.18,1979-01-01,2016-03-01
403,podnebna,LESCE - LETALIŠČE,506,46.37,14.17,1959-01-01,1964-03-09
403,samodejna,LESCE - LETALIŠČE,509,46.36,14.18,2004-03-17,
403,registrator,LESCE,503,46.36,14.17,2017-03-16,2018-01-01
408,samodejna,LJUBLJANA - KLEČE,307,46.09,14.50,1998-01-30,
408,registrator,LJUBLJANA - KLEČE,307,46.09,14.50,2017-06-15,2017-08-09
411,podnebna,MARIBOR - KMETIJSKI ZAVOD,267,46.57,15.65,1961-06-01,1976-06-01
411,podnebna,MARIBOR - KMETIJSKI ZAVOD,267,46.57,15.65,1979-07-01,1981-07-01
432,podnebna,METLIKA,152,45.65,15.33,2007-01-01,2018-03-01
432,podnebna,METLIKA,182,45.65,15.32,1981-06-01,1989-03-15
432,podnebna,METLIKA,210,45.65,15.32,1989-03-15,2007-01-01
432,samodejna,METLIKA,165,45.64,15.32,2016-01-11,
432,registrator,METLIKA,152,45.65,15.33,2007-01-01,2008-06-27
432,registrator,METLIKA,152,45.65,15.33,2017-11-24,2018-04-26
432,registrator,METLIKA,210,45.65,15.32,2000-12-19,2001-04-26
432,registrator,METLIKA,210,45.65,15.32,2006-12-11,2007-01-01
433,podnebna,BLED - GRAD,500,46.37,14.12,1946-03-01,1962-01-01
433,podnebna,BLED - TURISTIČNO DRUŠTVO,500,46.37,14.12,1970-11-06,1981-11-01
436,podnebna,KANIN - ZG.POSTAJA ŽIČNICE,2222,46.36,13.48,1982-02-01,1983-01-01
436,samodejna,KANIN,2260,46.36,13.48,2016-09-14,
437,podnebna,VOGEL,1530,46.26,13.85,2016-09-01,
437,podnebna,VOGEL,1535,46.26,13.85,1982-05-01,2016-09-01
437,samodejna,VOGEL,1515,46.26,13.84,2016-08-24,
437,registrator,VOGEL,1530,46.26,13.85,2016-09-01,
437,registrator,VOGEL,1530,46.26,13.85,2017-06-05,
437,registrator,VOGEL,1535,46.26,13.85,2000-12-01,2016-09-01
440,podnebna,LJUBLJANA - VIČ - ROŽNA DOLINA,296,46.05,14.48,1950-01-01,1966-03-03
442,podnebna,GRM,330,45.95,14.87,1959-04-01,1976-07-01
451,podnebna,LIPICA,420,45.67,13.88,1984-01-01,1991-01-01
452,podnebna,LISCA,943,46.07,15.29,1984-03-26,1996-11-05
452,podnebna,LISCA,947,46.07,15.29,1996-11-05,2016-07-01
452,samodejna,LISCA,947,46.07,15.29,1996-11-05,
452,registrator,LISCA,947,46.07,15.29,2015-11-16,2016-02-01
452,registrator,LISCA,947,46.07,15.29,2016-02-26,2016-04-07
452,registrator,LISCA,947,46.07,15.29,2017-10-01,2017-11-01
461,podnebna,ROGLA,1335,46.45,15.33,1986-04-01,1991-07-01
461,podnebna,ROGLA,1495,46.45,15.34,1992-01-01,1995-01-01
461,samodejna,ROGLA,1495,46.45,15.34,1995-04-01,
464,podnebna,PORTOROŽ - LETALIŠČE,2,45.48,13.62,1987-01-01,
464,samodejna,PORTOROŽ - LETALIŠČE,2,45.48,13.62,1993-03-25,
464,registrator,PORTOROŽ - LETALIŠČE,2,45.48,13.62,2018-03-02,
466,podnebna,STRUNJAN - ZDRAVILIŠČE,2,45.53,13.62,1988-01-01,1989-10-02
482,podnebna,BOHINJSKA ČEŠNJICA,596,46.29,13.95,2002-09-16,
482,samodejna,BOHINJSKA ČEŠNJICA,596,46.29,13.95,2015-02-12,
482,registrator,BOHINJSKA ČEŠNJICA,596,46.29,13.95,2002-09-13,2006-12-09
482,registrator,BOHINJSKA ČEŠNJICA,596,46.29,13.95,2005-09-14,2020-02-12
482,registrator,BOHINJSKA ČEŠNJICA,596,46.29,13.95,2017-03-16,
486,podnebna,DOBROVO V BRDIH,160,46.00,13.53,1969-05-08,1973-09-14
487,podnebna,ZGORNJA KAPLA,775,46.63,15.38,1967-07-01,1971-01-01
488,podnebna,ŽALEC,255,46.25,15.17,1985-01-01,1986-01-01
498,samodejna,ISKRBA,532,45.56,14.86,1995-05-10,
500,podnebna,VOGLJE,371,46.22,14.45,1948-07-01,1964-06-01
510,samodejna,JEZERSKO,894,46.41,14.52,2015-11-11,
524,registrator,KUREŠČEK,775,45.89,14.56,2000-05-29,2000-10-17
545,podnebna,ANKARAN,4,45.55,13.78,1964-11-01,1968-05-15
553,podnebna,RUDNO POLJE,1343,46.35,13.93,1948-01-01,1967-05-01
553,samodejna,RUDNO POLJE,1344,46.35,13.93,1995-10-12,
553,registrator,RUDNO POLJE,1344,46.35,13.93,2005-10-06,2005-11-10
554,samodejna,PTUJ - TERME,222,46.42,15.86,2006-03-21,2019-09-26
554,samodejna,PTUJ - TERME,223,46.42,15.86,1995-11-30,2006-03-21
555,samodejna,GAČNIK,292,46.62,15.69,1999-03-10,
559,samodejna,IDRIJA,330,46.01,14.03,2016-09-23,
559,registrator,IDRIJA - ČISTILNA NAPRAVA,325,46.01,14.03,2001-04-09,2006-04-12
559,registrator,IDRIJA - ČISTILNA NAPRAVA,325,46.01,14.03,2005-12-01,2017-05-26
560,podnebna,ČEŠENIK,315,46.17,14.63,1949-02-01,1966-01-01
561,podnebna,VINTGAR - ELEKTRARNA,505,46.40,14.11,1949-01-01,1967-01-01
562,podnebna,ZASIP PRI BLEDU,453,46.40,14.12,1946-01-01,1967-01-01
571,samodejna,PLANINA V PODBOČJU,687,45.83,15.51,2016-07-08,
575,podnebna,KAMNJE - ŠENTRUPERT,420,45.97,15.07,1957-06-16,1966-07-01
580,samodejna,MIKLAVŽ NA GORJANCIH,959,45.78,15.32,2016-06-15,
581,ekološka,ŠKOCJAN,420,45.66,14.00,2004-09-01,
606,samodejna,BOVEC - LETALIŠČE,441,46.33,13.56,1998-12-18,
620,podnebna,LJUBLJANA - AERODROM,284,46.07,14.55,1940-01-01,1964-01-01
620,podnebna,LJUBLJANA - AERODROM,284,46.07,14.55,1957-01-01,1964-01-01
622,samodejna,ROGAŠKA SLATINA,250,46.24,15.65,1997-07-07,2009-12-10
622,samodejna,ROGAŠKA SLATINA,289,46.24,15.65,2015-12-27,
623,samodejna,ILIRSKA BISTRICA - KOSEZE,415,45.55,14.24,2005-01-18,
623,registrator,ILIRSKA BISTRICA - KOSEZE,415,45.55,14.24,2000-01-04,2007-01-01
625,registrator,SEMIČ - STARA GORA,380,45.66,15.18,2000-12-18,2001-04-04
626,registrator,METLIKA - NOVOLES,145,45.64,15.32,2000-12-19,2001-04-04
641,samodejna,PODČETRTEK - ATOMSKE TOPLICE,202,46.16,15.61,2000-05-19,
653,samodejna,HOČKO POHORJE,585,46.49,15.59,2014-05-06,
653,registrator,HOČKO POHORJE,570,46.49,15.60,2001-03-21,2014-10-04
654,samodejna,TREBNJE,303,45.91,15.01,2015-07-22,
654,registrator,TREBNJE,275,45.91,15.00,2001-03-29,2015-09-02
655,samodejna,TATRE,748,45.60,14.09,2016-05-06,
655,registrator,TATRE,744,45.60,14.09,2001-04-25,2017-03-25
656,samodejna,KRANJ,392,46.25,14.37,2014-01-13,
656,registrator,KRANJ,403,46.26,14.36,2001-04-11,2014-10-17
661,ekološka,HRASTNIK,290,46.14,15.09,2001-02-14,
668,registrator,PREŽA - V GOZDU,670,45.54,14.83,2001-09-19,2003-04-28
671,podnebna,PODLJUBELJ - PRI PREDORU,1023,46.43,14.27,1966-01-04,1970-01-01
672,podnebna,RIBNIŠKA KOČA,1530,46.50,15.25,1950-05-27,1969-11-01
674,podnebna,VIRŠTAJN,434,46.13,15.57,1954-07-01,1965-05-20
701,registrator,ČATEŽ - TERME,142,45.89,15.62,2002-08-16,2002-08-29
710,samodejna,ZAVODNJE,821,46.43,15.00,2016-04-18,
748,registrator,CELJE - MEDLOG,242,46.24,15.23,2004-02-05,2005-02-03
749,podnebna,CERKLJE - LETALIŠČE,154,45.89,15.53,2010-05-27,
749,podnebna,CERKLJE - LETALIŠČE,154,45.89,15.53,2005-06-01,2010-05-27
749,samodejna,CERKLJE - LETALIŠČE,154,45.90,15.52,2004-07-11,2014-06-14
749,samodejna,CERKLJE - LETALIŠČE,154,45.90,15.52,2014-06-15,
749,registrator,CERKLJE - LETALIŠČE,154,45.89,15.53,2018-09-05,
750,samodejna,BORŠT PRI GORENJI VASI,530,46.09,14.19,2004-09-25,2020-09-04
750,samodejna,BORŠT PRI GORENJI VASI,564,46.09,14.19,2020-06-18,
770,samodejna,KOPER - KAPITANIJA,4,45.55,13.73,2006-03-20,
771,samodejna,LENDAVA,159,46.55,16.46,2006-04-11,
772,ekološka,OTLICA - EKOLOSKA,965,45.94,13.92,2006-06-08,
776,samodejna,SOTINSKI BREG,415,46.84,16.04,2006-12-01,
779,registrator,DOVJE,656,46.46,13.96,2007-07-27,2008-08-22
781,podnebna,GROSUPLJE,350,45.96,14.66,2008-11-01,
781,registrator,GROSUPLJE,350,45.96,14.66,2017-03-13,
786,podnebna,IVANJKOVCI,225,46.46,16.16,2008-05-29,2018-02-01
786,registrator,IVANJKOVCI,225,46.46,16.16,2014-10-21,2018-01-26
786,registrator,IVANJKOVCI,225,46.46,16.16,2017-03-31,2018-01-26
811,registrator,GOZD MARTULJEK,745,46.49,13.84,2012-06-04,2013-08-03
811,registrator,GOZD MARTULJEK,745,46.49,13.84,2012-06-05,2013-01-09
812,samodejna,BUKOVSKI VRH,780,46.14,13.89,2015-12-16,
813,samodejna,VELIKE LAŠČE,528,45.83,14.65,2015-11-11,
814,samodejna,ZELENICA,1534,46.43,14.24,2016-07-07,
815,samodejna,PAVLIČEVO SEDLO,1337,46.43,14.59,2016-06-27,
816,samodejna,PODNANOS,153,45.80,13.97,2015-07-22,
817,samodejna,RATITOVEC,1639,46.24,14.09,2016-09-14,
818,samodejna,ZGORNJA KAPLA,722,46.64,15.35,2015-07-22,
819,samodejna,BLEGOŠ,1188,46.17,14.09,2016-07-06,
820,samodejna,KAMNIŠKA BISTRICA,549,46.31,14.61,2016-01-11,
821,samodejna,RIBNICA - DOLENJI LAZI,500,45.76,14.72,2015-04-01,
822,samodejna,ŠMARJE PRI JELŠAH,251,46.23,15.52,2016-06-27,
823,samodejna,KORENSKO SEDLO,1072,46.52,13.76,2016-05-09,
824,samodejna,SLAVNIK,1020,45.53,13.98,2016-05-09,
825,samodejna,SVETI TRIJE KRALJI,1230,46.44,15.46,2016-07-05,
826,samodejna,MARINČA VAS,265,45.87,14.82,2016-06-15,
827,samodejna,SVIŠČAKI,1302,45.58,14.40,2016-07-05,
828,samodejna,TOLMIN - VOLČE,188,46.18,13.72,2015-09-11,
829,samodejna,TROJANE - LIMOVCE,673,46.20,14.92,2016-01-11,
830,samodejna,VRŠIČ,1684,46.43,13.75,2016-06-27,
831,samodejna,CERKNIŠKO JEZERO,586,45.72,14.40,2015-04-21,
832,samodejna,ZADLOG,716,45.94,14.01,2014-01-13,
835,samodejna,VODICE,930,45.88,14.09,2018-01-23,
836,podnebna,MARIBOR - VRBANSKI PLATO,279,46.57,15.63,2020-01-01,
836,samodejna,MARIBOR - VRBANSKI PLATO,279,46.57,15.63,2016-12-06,
836,registrator,MARIBOR - VRBANSKI PLATO,279,46.57,15.63,2015-08-05,2019-07-09
861,samodejna,PTUJ,222,46.42,15.85,2016-11-28,
10051,podnebna,RATEČE,864,46.50,13.72,2017-07-01,
10097,podnebna,BILJE,55,45.90,13.63,2017-04-06,
10249,podnebna,NOVO MESTO,220,45.80,15.18,2017-07-01,
10268,podnebna,CELJE - MEDLOG,241,46.24,15.23,2017-04-05,
10321,podnebna,ŠMARTNO PRI SLOV.GRADCU,452,46.48,15.12,2016-04-05,
10355,podnebna,MURSKA SOBOTA - RAKIČAN,186,46.65,16.20,2017-04-05,
